<application>
  <component name="AppStorage">
    <histories>
      <item value="expire" />
      <item value="大数据" />
      <item value="// Comparison and hashing /** * Compares the specified object with this set for equality. Returns * &lt;tt&gt;true&lt;/tt&gt; if the given object is also a set, the two sets have * the same size, and every member of the given set is contained in * this set. This ensures that the &lt;tt&gt;equals&lt;/tt&gt; method works * properly across different implementations of the &lt;tt&gt;Set&lt;/tt&gt; * interface.&lt;p&gt; * * This implementation first checks if the specified object is this * set; if so it returns &lt;tt&gt;true&lt;/tt&gt;. Then, it checks if the * specified object is a set whose size is identical to the size of * this set; if not, it returns false. If so, it returns * &lt;tt&gt;containsAll((Collection) o)&lt;/tt&gt;. * * @param o object to be compared for equality with this set * @return &lt;tt&gt;true&lt;/tt&gt; if the specified object is equal to this set */" />
      <item value="coverage" />
      <item value="周二" />
      <item value="quartz" />
      <item value="定时任务" />
      <item value="订正作业" />
      <item value=" Unavailable Shards Exception" />
      <item value="gte" />
      <item value="错题本" />
      <item value="unmapped Type" />
      <item value="Rejecting mapping update to [al_item] as the final mapping would have more than 1 type: [itemDoc, ItemDoc]" />
      <item value="bulk Index" />
      <item value="交卷" />
      <item value="original" />
      <item value="原本" />
      <item value="Evaluate" />
      <item value="resert" />
      <item value="Specified access key is not found" />
      <item value="backstage" />
      <item value="后台" />
      <item value="placevalues Inside" />
      <item value="rotatevalues" />
      <item value="show X Axis Line" />
      <item value="div Line Is Dashed" />
      <item value="Set fielddata=true on [userId] in order to load fielddata in memory by uninverting the inverted index. Note that this can however use significant memory. Alternatively use a keyword field instead." />
      <item value="Aggregations" />
      <item value="date Histogram" />
      <item value="总览" />
      <item value="preview" />
      <item value="suppress Scroll X" />
      <item value="date Histogram Interval" />
      <item value="benevolence" />
      <item value="Mercy" />
      <item value="filebatchuploadcomplete" />
      <item value="/** * Explicitly stops (invalidates) this session and releases all associated resources. * &lt;p/&gt; * If this session has already been authenticated (i.e. the {@code Subject} that * owns this session has logged-in), calling this method explicitly might have undesired side effects: * &lt;p/&gt; * It is common for a {@code Subject} implementation to retain authentication state in the * {@code Session}. If the session * is explicitly stopped by application code by calling this method directly, it could clear out any * authentication state that might exist, thereby effectively &amp;quot;unauthenticating&amp;quot; the {@code Subject}. * &lt;p/&gt; * As such, you might consider {@link org.apache.shiro.subject.Subject#logout logging-out} the 'owning' * {@code Subject} instead of manually calling this method, as a log out is expected to stop the * corresponding session automatically, and also allows framework code to execute additional cleanup logic. * * @throws InvalidSessionException if this session has stopped or expired prior to calling this method. */" />
      <item value="ApiRealm extends" />
      <item value="/** * ClassName: ShiroRealm * @Description: * @author pengbin &lt;pengbin&gt; * @date 2018/11/19 13:55 */" />
      <item value="if you are used to the {@code HttpSession}'s {@code getMaxInactiveInterval()} method, the scale on * this method is different: Shiro Sessions use millisecond values for timeout whereas * {@code HttpSession.getMaxInactiveInterval} uses seconds. Always use millisecond values with Shiro sessions." />
    </histories>
    <option name="languageScores">
      <map>
        <entry key="CHINESE" value="25" />
        <entry key="ENGLISH" value="25" />
        <entry key="CROATIAN" value="1" />
        <entry key="NORWEGIAN" value="1" />
      </map>
    </option>
  </component>
  <component name="Settings">
    <option name="ignoreRegExp" value="" />
  </component>
</application>